{"stats":{"minecraft:used":{"minecraft:oak_fence":265,"minecraft:oak_trapdoor":45,"minecraft:purpur_block":93,"minecraft:nether_brick_fence":92,"minecraft:orange_concrete_powder":1,"minecraft:jungle_leaves":38,"minecraft:polished_blackstone_brick_slab":2,"minecraft:polished_granite_stairs":7,"minecraft:iron_shovel":17,"minecraft:crimson_fence":19,"minecraft:dead_bush":16,"minecraft:red_concrete":28,"minecraft:ladder":72,"minecraft:oak_sign":37,"minecraft:mycelium":6,"minecraft:white_concrete_powder":364,"minecraft:chest":2,"minecraft:stone":5241,"minecraft:sculk":66,"minecraft:red_nether_brick_stairs":14,"minecraft:grass":56,"minecraft:netherrack":426,"minecraft:player_head":7,"minecraft:green_terracotta":169,"minecraft:oak_door":4,"minecraft:soul_campfire":2,"minecraft:torch":102,"minecraft:dirt":198,"minecraft:soul_sand":178,"minecraft:warped_wart_block":101,"minecraft:chorus_flower":27,"minecraft:blue_stained_glass":8,"minecraft:nether_bricks":113,"minecraft:nether_brick_slab":8,"minecraft:pink_terracotta":2,"minecraft:polished_granite_slab":6,"minecraft:spruce_fence":11,"minecraft:polished_diorite":91,"minecraft:shroomlight":12,"minecraft:jungle_sapling":16,"minecraft:brown_terracotta":255,"minecraft:stone_brick_slab":26,"minecraft:wooden_axe":6,"minecraft:sea_lantern":52,"minecraft:lava_bucket":205,"minecraft:netherite_shovel":145,"minecraft:bricks":135,"minecraft:coal_ore":42,"minecraft:red_wool":6,"minecraft:quartz_slab":31,"minecraft:grass_block":496,"minecraft:light_weighted_pressure_plate":118,"minecraft:oak_stairs":6,"minecraft:warped_fence":17,"minecraft:slime_block":172,"minecraft:jungle_log":17,"minecraft:polished_andesite_stairs":13,"minecraft:quartz_block":172,"minecraft:polished_blackstone_brick_stairs":40,"minecraft:crimson_planks":25,"minecraft:prismarine_slab":156,"minecraft:stone_brick_stairs":209,"minecraft:stone_bricks":256,"minecraft:blue_banner":5,"minecraft:netherite_boots":10,"minecraft:basalt":231,"minecraft:glowstone":45,"minecraft:redstone_lamp":17,"minecraft:snow":239,"minecraft:tall_grass":9,"minecraft:hay_block":98,"minecraft:white_stained_glass_pane":100,"minecraft:podzol":47,"minecraft:minecart":9,"minecraft:polished_diorite_stairs":13,"minecraft:gold_block":39,"minecraft:green_stained_glass_pane":9,"minecraft:water_bucket":201,"minecraft:warped_stem":3,"minecraft:end_rod":6,"minecraft:end_stone_bricks":141,"minecraft:iron_ore":17,"minecraft:cobblestone_stairs":8,"minecraft:dirt_path":81,"minecraft:sandstone_stairs":56,"minecraft:snow_block":131,"minecraft:birch_planks":331,"minecraft:oak_planks":150,"minecraft:polished_andesite":59,"minecraft:powered_rail":26,"minecraft:prismarine":675,"minecraft:jungle_fence":5,"minecraft:red_nether_bricks":31,"minecraft:prismarine_stairs":108,"minecraft:cactus":17,"minecraft:blue_wool":5,"minecraft:polished_diorite_slab":25,"minecraft:blackstone":12,"minecraft:cut_sandstone":100,"minecraft:sandstone":152,"minecraft:blue_concrete_powder":33,"minecraft:red_mushroom_block":71,"minecraft:brown_mushroom":20,"minecraft:redstone_block":13,"minecraft:polished_blackstone_bricks":133,"minecraft:oak_leaves":97,"minecraft:cookie":6,"minecraft:yellow_terracotta":111,"minecraft:comparator":22,"minecraft:sand":446,"minecraft:diamond_block":8,"minecraft:lime_terracotta":160,"minecraft:purpur_stairs":11,"minecraft:rail":69,"minecraft:terracotta":241,"minecraft:vine":14,"minecraft:oak_slab":124,"minecraft:dark_prismarine_slab":129,"minecraft:crafting_table":5,"minecraft:red_bed":3,"minecraft:red_mushroom":21,"minecraft:yellow_stained_glass_pane":9,"minecraft:campfire":4,"minecraft:white_bed":1,"minecraft:polar_bear_spawn_egg":4,"minecraft:stone_brick_wall":75,"minecraft:painting":1,"minecraft:end_stone":286,"minecraft:mushroom_stem":35,"minecraft:lightning_rod":1,"minecraft:birch_fence":27,"minecraft:redstone_torch":10,"minecraft:oak_log":129,"minecraft:dark_prismarine":28,"minecraft:netherite_block":267,"minecraft:green_concrete":1,"minecraft:black_concrete":14,"minecraft:daylight_detector":13,"minecraft:command_block":96,"minecraft:birch_slab":5,"minecraft:cyan_bed":3,"minecraft:barrier":246,"minecraft:oak_button":23,"minecraft:stone_slab":139,"minecraft:red_terracotta":56,"minecraft:purpur_slab":93,"minecraft:polished_granite":33,"minecraft:deepslate":42,"minecraft:polished_andesite_slab":9,"minecraft:green_carpet":9,"minecraft:cobblestone":37,"minecraft:crimson_stairs":26,"minecraft:red_concrete_powder":24,"minecraft:white_stained_glass":17,"minecraft:red_banner":3,"minecraft:birch_log":82,"minecraft:chain":4,"minecraft:ice":85,"minecraft:smooth_stone_slab":52,"minecraft:stripped_oak_log":31,"minecraft:white_concrete":21,"minecraft:chorus_plant":70,"minecraft:brown_mushroom_block":6,"minecraft:bone_meal":54,"minecraft:birch_stairs":3,"minecraft:cobweb":5},"minecraft:custom":{"minecraft:mob_kills":8,"minecraft:leave_game":60,"minecraft:time_since_death":1817,"minecraft:climb_one_cm":85864,"minecraft:sprint_one_cm":1573604,"minecraft:walk_one_cm":712431,"minecraft:drop":57,"minecraft:play_time":1143597,"minecraft:deaths":134,"minecraft:sneak_time":39071,"minecraft:walk_under_water_one_cm":7616,"minecraft:jump":12618,"minecraft:walk_on_water_one_cm":26217,"minecraft:total_world_time":1573094,"minecraft:time_since_rest":1818,"minecraft:damage_taken":12994,"minecraft:minecart_one_cm":30857,"minecraft:damage_dealt":512,"minecraft:swim_one_cm":2835,"minecraft:fly_one_cm":8094533,"minecraft:crouch_one_cm":24637,"minecraft:fall_one_cm":240716},"minecraft:picked_up":{"minecraft:wooden_axe":1,"minecraft:wheat":1,"minecraft:ladder":1,"minecraft:light_weighted_pressure_plate":11,"minecraft:stone":2,"minecraft:oak_door":2,"minecraft:torch":6,"minecraft:cookie":20,"minecraft:cactus":2,"minecraft:rail":2,"minecraft:netherite_boots":8,"minecraft:wheat_seeds":18,"minecraft:powered_rail":1,"minecraft:soul_sand":1,"minecraft:crimson_stairs":1,"minecraft:green_carpet":2,"minecraft:oak_button":11,"minecraft:netherrack":65,"minecraft:chorus_fruit":7},"minecraft:dropped":{"minecraft:purpur_slab":1,"minecraft:cookie":24,"minecraft:barrier":1,"minecraft:dark_prismarine_slab":1,"minecraft:command_block":1,"minecraft:grass_block":1,"minecraft:polar_bear_spawn_egg":1,"minecraft:light_weighted_pressure_plate":1,"minecraft:torch":1,"minecraft:netherite_boots":16,"minecraft:end_stone":1,"minecraft:stone_slab":1,"minecraft:oak_sign":1,"minecraft:stone":2,"minecraft:oak_button":3,"minecraft:netherrack":1}},"DataVersion":3337}