{"stats":{"minecraft:dropped":{"minecraft:wheat_seeds":3},"minecraft:picked_up":{"minecraft:wheat_seeds":3},"minecraft:custom":{"minecraft:time_since_rest":5921,"minecraft:crouch_one_cm":14710,"minecraft:sprint_one_cm":4609953,"minecraft:play_time":727393,"minecraft:deaths":3,"minecraft:damage_taken":21220,"minecraft:walk_one_cm":272153,"minecraft:sneak_time":6150,"minecraft:walk_under_water_one_cm":72,"minecraft:drop":1,"minecraft:jump":37036,"minecraft:minecart_one_cm":23450,"minecraft:leave_game":8,"minecraft:walk_on_water_one_cm":32488,"minecraft:time_since_death":5920,"minecraft:climb_one_cm":623455,"minecraft:total_world_time":848839,"minecraft:fall_one_cm":1387109,"minecraft:fly_one_cm":9537808},"minecraft:used":{"minecraft:dirt":1,"minecraft:rail":3,"minecraft:command_block":5,"minecraft:grass_block":7,"minecraft:powered_rail":1,"minecraft:oak_planks":1,"minecraft:minecart":16,"minecraft:stone":3}},"DataVersion":3120}