{"stats":{"minecraft:dropped":{"minecraft:command_block":1,"minecraft:wooden_hoe":1,"minecraft:wooden_sword":1,"minecraft:sandstone":2},"minecraft:used":{"minecraft:crimson_stem":64,"minecraft:oak_fence":408,"minecraft:emerald_ore":26,"minecraft:water_bucket":27,"minecraft:moss_carpet":1,"minecraft:iron_bars":45,"minecraft:iron_ore":11,"minecraft:sandstone_stairs":39,"minecraft:flint_and_steel":25,"minecraft:redstone_ore":39,"minecraft:yellow_shulker_box":39,"minecraft:redstone":15,"minecraft:ladder":148,"minecraft:oak_planks":2,"minecraft:oak_sign":54,"minecraft:sandstone":9287,"minecraft:ender_chest":1,"minecraft:stone":1173,"minecraft:redstone_block":53,"minecraft:beacon":2,"minecraft:gold_ore":38,"minecraft:netherrack":743,"minecraft:oak_door":19,"minecraft:debug_stick":12,"minecraft:white_wool":2,"minecraft:chiseled_red_sandstone":8,"minecraft:diamond_block":10,"minecraft:dirt":2,"minecraft:yellow_terracotta":2,"minecraft:nether_quartz_ore":36,"minecraft:yellow_concrete":33,"minecraft:shulker_box":1,"minecraft:dripstone_block":195,"minecraft:nether_gold_ore":45,"minecraft:obsidian":80,"minecraft:redstone_torch":2,"minecraft:sticky_piston":2,"minecraft:wooden_axe":7,"minecraft:lever":8,"minecraft:green_concrete":2,"minecraft:black_concrete":113,"minecraft:lava_bucket":509,"minecraft:coal_ore":9,"minecraft:command_block":63,"minecraft:grass_block":18,"minecraft:barrier":116,"minecraft:slime_block":671,"minecraft:stone_button":4,"minecraft:copper_ore":23,"minecraft:lapis_ore":33,"minecraft:stone_slab":97,"minecraft:diamond_ore":14,"minecraft:yellow_wool":20,"minecraft:nether_wart_block":38,"minecraft:wooden_sword":5,"minecraft:cobblestone":530,"minecraft:magma_block":395,"minecraft:emerald_block":2,"minecraft:iron_trapdoor":229,"minecraft:sandstone_slab":585,"minecraft:chain_command_block":88,"minecraft:acacia_fence":9,"minecraft:glass_pane":9,"minecraft:gold_block":38,"minecraft:yellow_bed":17,"minecraft:pointed_dripstone":83},"minecraft:custom":{"minecraft:mob_kills":4,"minecraft:interact_with_crafting_table":2,"minecraft:open_shulker_box":43,"minecraft:leave_game":22,"minecraft:time_since_death":6164,"minecraft:climb_one_cm":90717,"minecraft:damage_resisted":105350,"minecraft:time_since_rest":6165,"minecraft:damage_taken":8140,"minecraft:sprint_one_cm":3756402,"minecraft:walk_one_cm":1168850,"minecraft:drop":5,"minecraft:damage_dealt":600,"minecraft:interact_with_beacon":6,"minecraft:talked_to_villager":1,"minecraft:fly_one_cm":12971703,"minecraft:open_chest":15,"minecraft:crouch_one_cm":156172,"minecraft:play_time":1499749,"minecraft:deaths":1714,"minecraft:sneak_time":90539,"minecraft:jump":31673,"minecraft:walk_on_water_one_cm":4965,"minecraft:total_world_time":1721981,"minecraft:fall_one_cm":3287873},"minecraft:killed":{"minecraft:pig":2,"minecraft:villager":2},"minecraft:picked_up":{"minecraft:oak_sign":1,"minecraft:sandstone":1,"minecraft:dripstone_block":2,"minecraft:porkchop":13,"minecraft:pointed_dripstone":1,"minecraft:command_block":1,"minecraft:gold_ingot":1}},"DataVersion":2975}