{"stats":{"minecraft:picked_up":{"minecraft:wooden_axe":3,"minecraft:netherite_boots":3,"minecraft:water_bucket":2,"minecraft:carrot_on_a_stick":1,"minecraft:oak_log":1,"minecraft:music_disc_cat":1,"minecraft:netherite_leggings":3,"minecraft:snow":2,"minecraft:quartz_stairs":1,"minecraft:oak_planks":9,"minecraft:big_dripleaf":3,"minecraft:yellow_concrete":1,"minecraft:quartz_pillar":1,"minecraft:netherite_block":3,"minecraft:quartz_block":1,"minecraft:white_concrete":1,"minecraft:netherite_chestplate":3},"minecraft:custom":{"minecraft:interact_with_anvil":1,"minecraft:play_record":1,"minecraft:leave_game":135,"minecraft:time_since_death":637,"minecraft:climb_one_cm":402794,"minecraft:time_since_rest":638,"minecraft:sprint_one_cm":6559900,"minecraft:damage_taken":371900,"minecraft:walk_one_cm":2049047,"minecraft:drop":67,"minecraft:fly_one_cm":23398504,"minecraft:crouch_one_cm":821902,"minecraft:play_time":3407502,"minecraft:deaths":1611,"minecraft:sneak_time":343487,"minecraft:jump":60357,"minecraft:walk_on_water_one_cm":1744,"minecraft:enchant_item":1,"minecraft:total_world_time":4366597,"minecraft:fall_one_cm":7546982},"minecraft:used":{"minecraft:oak_fence":1604,"minecraft:purpur_block":33,"minecraft:dark_oak_stairs":7,"minecraft:water_bucket":4,"minecraft:end_rod":439,"minecraft:iron_bars":187,"minecraft:end_stone_bricks":437,"minecraft:enchanting_table":33,"minecraft:birch_planks":299,"minecraft:armor_stand":2,"minecraft:infested_stone":105,"minecraft:elytra":18,"minecraft:carrot_on_a_stick":1172,"minecraft:oak_planks":698,"minecraft:ladder":442,"minecraft:oak_sign":3,"minecraft:copper_block":531,"minecraft:ender_pearl":8,"minecraft:sandstone":159,"minecraft:stone":315,"minecraft:end_stone_brick_slab":89,"minecraft:quartz_stairs":29,"minecraft:cobblestone_slab":75,"minecraft:player_head":29,"minecraft:purpur_pillar":76,"minecraft:netherrack":315,"minecraft:oak_leaves":5,"minecraft:debug_stick":44,"minecraft:end_stone_brick_wall":470,"minecraft:polished_deepslate_slab":82,"minecraft:diamond_block":866,"minecraft:soul_sand":8,"minecraft:dirt":381,"minecraft:anvil":1,"minecraft:music_disc_cat":1,"minecraft:vine":2,"minecraft:white_carpet":1,"minecraft:oak_slab":107,"minecraft:smooth_red_sandstone":2,"minecraft:cobblestone_wall":461,"minecraft:yellow_concrete":35,"minecraft:campfire":6,"minecraft:stone_brick_wall":1946,"minecraft:end_stone":358,"minecraft:granite":7,"minecraft:snowball":1,"minecraft:obsidian":221,"minecraft:big_dripleaf":16,"minecraft:birch_fence":1,"minecraft:oak_log":763,"minecraft:dark_oak_planks":1070,"minecraft:stone_brick_slab":84,"minecraft:netherite_block":1002,"minecraft:red_sandstone":7,"minecraft:black_concrete":1025,"minecraft:coal_ore":369,"minecraft:bookshelf":64,"minecraft:quartz_pillar":25,"minecraft:command_block":19,"minecraft:iron_block":377,"minecraft:grass_block":777,"minecraft:light_weighted_pressure_plate":3,"minecraft:slime_block":500,"minecraft:stone_button":10,"minecraft:smooth_sandstone":445,"minecraft:polished_deepslate_wall":727,"minecraft:quartz_block":125,"minecraft:stone_slab":590,"minecraft:leather_helmet":2,"minecraft:dark_oak_slab":112,"minecraft:iron_door":3,"minecraft:stone_brick_stairs":39,"minecraft:bedrock":898,"minecraft:reinforced_deepslate":788,"minecraft:coal_block":352,"minecraft:cobblestone":420,"minecraft:magma_block":6,"minecraft:snow":908,"minecraft:emerald_block":591,"minecraft:oak_sapling":20,"minecraft:dark_oak_fence":1621,"minecraft:andesite":22,"minecraft:gold_block":545,"minecraft:lapis_block":383,"minecraft:birch_log":80,"minecraft:bucket":3,"minecraft:ice":2,"minecraft:glass_pane":80,"minecraft:repeating_command_block":5,"minecraft:white_concrete":11,"minecraft:jukebox":2,"minecraft:bone_meal":105},"minecraft:mined":{"minecraft:slime_block":1},"minecraft:dropped":{"minecraft:water_bucket":2,"minecraft:oak_log":1,"minecraft:netherite_chestplate":4,"minecraft:barrier":1,"minecraft:command_block":1,"minecraft:oak_sign":1,"minecraft:carrot_on_a_stick":37,"minecraft:netherite_leggings":4,"minecraft:big_dripleaf":3,"minecraft:snow":2,"minecraft:stone_button":1,"minecraft:netherite_block":3,"minecraft:wooden_axe":2,"minecraft:white_concrete":1,"minecraft:netherite_boots":4}},"DataVersion":3105}