{"stats":{"minecraft:crafted":{"minecraft:bedrock":2},"minecraft:picked_up":{"minecraft:purpur_block":1,"minecraft:dirt":3,"minecraft:stone":1,"minecraft:grass_block":1,"minecraft:command_block":1},"minecraft:custom":{"minecraft:interact_with_smithing_table":1,"minecraft:interact_with_furnace":10,"minecraft:interact_with_anvil":4,"minecraft:interact_with_crafting_table":5,"minecraft:interact_with_grindstone":2,"minecraft:leave_game":30,"minecraft:time_since_death":4588,"minecraft:climb_one_cm":88710,"minecraft:damage_resisted":1570,"minecraft:time_since_rest":4588,"minecraft:walk_one_cm":901231,"minecraft:damage_taken":135550,"minecraft:open_enderchest":3,"minecraft:sprint_one_cm":3110082,"minecraft:drop":34,"minecraft:swim_one_cm":521,"minecraft:fly_one_cm":11018408,"minecraft:open_chest":12,"minecraft:crouch_one_cm":120715,"minecraft:play_time":1457655,"minecraft:deaths":618,"minecraft:sneak_time":78448,"minecraft:walk_under_water_one_cm":26376,"minecraft:jump":27656,"minecraft:walk_on_water_one_cm":42595,"minecraft:total_world_time":1683763,"minecraft:fall_one_cm":2535452},"minecraft:used":{"minecraft:crimson_stem":520,"minecraft:oak_fence":848,"minecraft:purpur_block":1045,"minecraft:emerald_ore":14,"minecraft:petrified_oak_slab":126,"minecraft:moss_carpet":3,"minecraft:water_bucket":47,"minecraft:nether_brick_wall":55,"minecraft:end_stone_bricks":654,"minecraft:red_sand":79,"minecraft:enchanting_table":3,"minecraft:iron_ore":3,"minecraft:dead_bush":25,"minecraft:cut_copper_slab":1,"minecraft:redstone_ore":30,"minecraft:red_concrete":17,"minecraft:polished_blackstone":316,"minecraft:oak_planks":1420,"minecraft:ladder":108,"minecraft:oak_sign":5,"minecraft:cactus":15,"minecraft:blackstone":857,"minecraft:chest":73,"minecraft:white_terracotta":121,"minecraft:ender_chest":21,"minecraft:stone":2070,"minecraft:end_stone_brick_slab":64,"minecraft:structure_void":178,"minecraft:cobblestone_slab":1,"minecraft:purpur_pillar":264,"minecraft:gold_ore":9,"minecraft:netherrack":2541,"minecraft:oak_leaves":193,"minecraft:oak_door":6,"minecraft:debug_stick":21,"minecraft:end_stone_brick_wall":94,"minecraft:purpur_stairs":45,"minecraft:diamond_block":19,"minecraft:dirt":1306,"minecraft:yellow_terracotta":10,"minecraft:anvil":83,"minecraft:terracotta":14,"minecraft:vine":35,"minecraft:white_carpet":22,"minecraft:light_blue_concrete":1,"minecraft:oak_slab":68,"minecraft:crafting_table":19,"minecraft:nether_quartz_ore":68,"minecraft:nether_bricks":118,"minecraft:twisting_vines":15,"minecraft:light_gray_terracotta":49,"minecraft:yellow_concrete":70,"minecraft:white_bed":45,"minecraft:painting":74,"minecraft:end_stone":415,"minecraft:nether_brick_stairs":10,"minecraft:obsidian":386,"minecraft:nether_gold_ore":42,"minecraft:oak_log":2487,"minecraft:polished_blackstone_slab":3,"minecraft:glass":8,"minecraft:green_concrete":1,"minecraft:ender_eye":9,"minecraft:black_concrete":2,"minecraft:lava_bucket":164,"minecraft:coal_ore":3,"minecraft:command_block":36,"minecraft:grass_block":523,"minecraft:oak_stairs":50,"minecraft:barrier":13,"minecraft:slime_block":249,"minecraft:string":14,"minecraft:copper_ore":4,"minecraft:lapis_ore":13,"minecraft:warped_nylium":78,"minecraft:netherite_hoe":36,"minecraft:cracked_nether_bricks":6,"minecraft:red_terracotta":33,"minecraft:purpur_slab":22,"minecraft:diamond_ore":5,"minecraft:iron_door":1,"minecraft:crimson_nylium":143,"minecraft:magenta_stained_glass_pane":56,"minecraft:glowstone":61,"minecraft:nether_wart_block":97,"minecraft:redstone_lamp":23,"minecraft:cobblestone":45,"minecraft:emerald_block":3,"minecraft:furnace":68,"minecraft:oak_sapling":1,"minecraft:grindstone":64,"minecraft:smithing_table":3,"minecraft:end_portal_frame":9,"minecraft:end_stone_brick_stairs":1,"minecraft:purple_carpet":42,"minecraft:orange_terracotta":60,"minecraft:bone_meal":3},"minecraft:dropped":{"minecraft:water_bucket":1,"minecraft:purpur_block":1,"minecraft:oak_log":3,"minecraft:yellow_concrete":3,"minecraft:obsidian":1,"minecraft:oak_planks":3,"minecraft:slime_block":4,"minecraft:command_block":2,"minecraft:grass_block":4,"minecraft:dirt":6,"minecraft:stone":1,"minecraft:wooden_axe":3,"minecraft:glass":2,"minecraft:black_concrete":1,"minecraft:oak_leaves":1}},"DataVersion":2975}