{
    "parent": "main:secretroot",
    "display": {
        "title": {"text":"How bedrock is made","color":"red","bold":true},
        "description": {"text":"So this is how bedrock is made? Using 8 dirt and 1 oak plank? Okay I guess","color":"white","bold":false},
        "icon": {
            "item": "minecraft:bedrock"
        },
        "frame": "task",
        "show_toast": true,
        "announce_to_chat": false,
        "hidden": true
    },
    "criteria": {
        "root": {
            "trigger": "minecraft:impossible"
        }
    }
}