{
    "parent": "main:secretroot",
    "display": {
        "title": {"text":"Cheater!","color":"red","bold":true},
        "description": {"text":"People who cheated to get gamemodes other than Adventure mode, imagine cheating","color":"white","bold":false},
        "icon": {
            "item": "minecraft:command_block"
        },
        "frame": "task",
        "show_toast": true,
        "announce_to_chat": false,
        "hidden": true
    },
    "criteria": {
        "root": {
            "trigger": "minecraft:impossible"
        }
    }
}