{
    "parent": "main:secretroot",
    "display": {
        "title": {"text":"Died 1000 times","color":"red","bold":true},
        "description": {"text":"Who the hell is noob enough to die 1000 times and unlock this advancement accidentally?","color":"white","bold":false},
        "icon": {
            "item": "minecraft:pointed_dripstone"
        },
        "frame": "task",
        "show_toast": true,
        "announce_to_chat": false,
        "hidden": true
    },
    "criteria": {
        "root": {
            "trigger": "minecraft:impossible"
        }
    }
}