{
    "parent": "main:secretroot",
    "display": {
        "title": {"text":"I live in the nether","color":"red","bold":true},
        "description": {"text":"Well you found me in the nether","color":"white","bold":false},
        "icon": {
            "item": "minecraft:player_head"
        },
        "frame": "task",
        "show_toast": true,
        "announce_to_chat": false,
        "hidden": true
    },
    "criteria": {
        "root": {
            "trigger": "minecraft:impossible"
        }
    }
}