{"stats":{"minecraft:used":{"minecraft:oak_fence":737,"minecraft:purpur_block":1265,"minecraft:water_bucket":124,"minecraft:mossy_stone_bricks":24,"minecraft:netherite_sword":15,"minecraft:end_rod":48,"minecraft:leather_leggings":1,"minecraft:iron_bars":62,"minecraft:end_stone_bricks":474,"minecraft:iron_ore":26,"minecraft:flint_and_steel":1,"minecraft:smooth_quartz_slab":11,"minecraft:armor_stand":22,"minecraft:red_concrete":10,"minecraft:oak_planks":425,"minecraft:carrot_on_a_stick":246,"minecraft:redstone":21,"minecraft:ladder":495,"minecraft:light_gray_carpet":9,"minecraft:oak_sign":32,"minecraft:copper_block":1003,"minecraft:mossy_stone_brick_stairs":5,"minecraft:stone":410,"minecraft:redstone_block":10,"minecraft:end_stone_brick_slab":66,"minecraft:structure_void":55,"minecraft:gold_ore":9,"minecraft:structure_block":1,"minecraft:purpur_pillar":121,"minecraft:player_head":3,"minecraft:torch":4,"minecraft:diamond_block":1114,"minecraft:end_stone_brick_wall":1200,"minecraft:brewing_stand":2,"minecraft:purpur_stairs":22,"minecraft:comparator":1,"minecraft:light_blue_concrete":1,"minecraft:yellow_concrete":50,"minecraft:cobblestone_wall":322,"minecraft:shulker_box":40,"minecraft:campfire":1,"minecraft:oak_wood":134,"minecraft:end_stone":596,"minecraft:obsidian":196,"minecraft:creeper_spawn_egg":3,"minecraft:big_dripleaf":17,"minecraft:redstone_torch":1,"minecraft:purple_stained_glass_pane":35,"minecraft:piston":6,"minecraft:netherite_block":1400,"minecraft:green_concrete":1,"minecraft:ender_eye":68,"minecraft:honey_block":37,"minecraft:black_concrete":631,"minecraft:lava_bucket":32,"minecraft:coal_ore":99,"minecraft:command_block":73,"minecraft:iron_block":225,"minecraft:light_weighted_pressure_plate":3,"minecraft:slime_block":297,"minecraft:stone_button":17,"minecraft:stone_slab":209,"minecraft:purpur_slab":451,"minecraft:smooth_quartz":780,"minecraft:stone_brick_stairs":40,"minecraft:stone_bricks":1164,"minecraft:item_frame":1,"minecraft:bedrock":99,"minecraft:coal_block":18,"minecraft:repeater":32,"minecraft:cobblestone":90,"minecraft:iron_trapdoor":19,"minecraft:oxidized_copper":128,"minecraft:furnace":13,"minecraft:glass_pane":15,"minecraft:gold_block":185,"minecraft:repeating_command_block":5,"minecraft:end_portal_frame":43,"minecraft:dragon_head":1},"minecraft:custom":{"minecraft:interact_with_furnace":4,"minecraft:mob_kills":11,"minecraft:open_shulker_box":242,"minecraft:leave_game":31,"minecraft:time_since_death":3867,"minecraft:climb_one_cm":126994,"minecraft:damage_resisted":600,"minecraft:time_since_rest":3868,"minecraft:walk_one_cm":1037913,"minecraft:sprint_one_cm":1232902,"minecraft:damage_taken":48150,"minecraft:drop":37,"minecraft:damage_dealt":661,"minecraft:fly_one_cm":6683956,"minecraft:crouch_one_cm":264534,"minecraft:play_time":1338035,"minecraft:deaths":164,"minecraft:sneak_time":116188,"minecraft:walk_under_water_one_cm":12530,"minecraft:jump":15590,"minecraft:interact_with_brewingstand":2,"minecraft:walk_on_water_one_cm":8837,"minecraft:total_world_time":1505176,"minecraft:fall_one_cm":1065757},"minecraft:killed":{"minecraft:bat":11},"minecraft:dropped":{"minecraft:purpur_pillar":1,"minecraft:furnace":1,"minecraft:purpur_block":1,"minecraft:diamond_block":1,"minecraft:player_head":1,"minecraft:cobblestone_wall":1,"minecraft:copper_block":1,"minecraft:yellow_concrete":1,"minecraft:obsidian":1,"minecraft:end_stone_brick_slab":1,"minecraft:purpur_slab":1,"minecraft:oak_planks":1,"minecraft:comparator":1,"minecraft:end_stone":1,"minecraft:purpur_stairs":1,"minecraft:end_stone_brick_wall":1,"minecraft:light_blue_concrete":1,"minecraft:flint_and_steel":1,"minecraft:light_weighted_pressure_plate":1,"minecraft:gold_block":1,"minecraft:big_dripleaf":1,"minecraft:stone":2,"minecraft:stone_button":1,"minecraft:netherite_block":1,"minecraft:repeater":1,"minecraft:wooden_axe":1,"minecraft:honey_block":1,"minecraft:smooth_quartz":2,"minecraft:redstone_torch":1,"minecraft:end_stone_bricks":1,"minecraft:black_concrete":2,"minecraft:oxidized_copper":1,"minecraft:redstone_block":1,"minecraft:redstone":1},"minecraft:picked_up":{"minecraft:wooden_axe":1,"minecraft:purpur_stairs":1,"minecraft:purpur_block":1,"minecraft:flint_and_steel":1,"minecraft:oak_sign":1,"minecraft:smooth_quartz":1,"minecraft:yellow_concrete":1,"minecraft:purpur_pillar":1,"minecraft:stone_button":1,"minecraft:purpur_slab":1,"minecraft:obsidian":1}},"DataVersion":2975}