{
    "parent": "main:nethercave",
    "display": {
        "title": {"text":"Blackstone delta reached","color":"red","bold":true},
        "description": {"text":"Reach the blackstone delta in the Nether","color":"white","bold":false},
        "icon": {
            "item": "minecraft:polished_blackstone"
        },
        "frame": "task",
        "show_toast": true,
        "announce_to_chat": false,
        "hidden": true
    },
    "criteria": {
        "root": {
            "trigger": "minecraft:impossible"
        }
    }
}