{
    "parent": "main:house",
    "display": {
        "title": {"text":"Crystal cave reached","color":"yellow","bold":true},
        "description": {"text":"Reach the crystal cave in the overworld","color":"white","bold":false},
        "icon": {
            "item": "minecraft:diamond"
        },
        "frame": "task",
        "show_toast": true,
        "announce_to_chat": false,
        "hidden": true
    },
    "criteria": {
        "root": {
            "trigger": "minecraft:impossible"
        }
    }
}