{
    "parent": "main:root",
    "display": {
        "title": {"text":"End tower","color":"blue","bold":true},
        "description": {"text":"End tower of Ultimate Parkour Tower","color":"white","bold":false},
        "icon": {
            "item": "minecraft:end_stone"
        },
        "frame": "task",
        "show_toast": true,
        "announce_to_chat": false,
        "hidden": false
    },
    "criteria": {
        "0": {
            "trigger": "minecraft:impossible"
        }
    }
}