{
    "parent": "main:endhouse",
    "display": {
        "title": {"text":"Temple reached","color":"blue","bold":true},
        "description": {"text":"Reach the temple in the End","color":"white","bold":false},
        "icon": {
            "item": "minecraft:purpur_block"
        },
        "frame": "task",
        "show_toast": true,
        "announce_to_chat": false,
        "hidden": true
    },
    "criteria": {
        "0": {
            "trigger": "minecraft:impossible"
        }
    }
}