{
    "parent": "main:root",
    "display": {
        "title": {"text":"Finish line reached!","color":"green","bold":true},
        "description": {"text":"Finish the map!","color":"white","bold":false},
        "icon": {
            "item": "minecraft:red_concrete"
        },
        "frame": "task",
        "show_toast": true,
        "announce_to_chat": false,
        "hidden": false
    },
    "criteria": {
        "0": {
            "trigger": "minecraft:impossible"
        }
    }
}