{
    "parent": "main:overworldroot",
    "display": {
        "title": {"text":"House reached","color":"yellow","bold":true},
        "description": {"text":"Reach the house in the Overworld","color":"white","bold":false},
        "icon": {
            "item": "minecraft:oak_planks"
        },
        "frame": "task",
        "show_toast": true,
        "announce_to_chat": false,
        "hidden": true
    },
    "criteria": {
        "root": {
            "trigger": "minecraft:impossible"
        }
    }
}