{
    "parent": "main:crystalcave",
    "display": {
        "title": {"text":"Mansion reached","color":"yellow","bold":true},
        "description": {"text":"Reach the mansion in the Overworld","color":"white","bold":false},
        "icon": {
            "item": "minecraft:oak_log"
        },
        "frame": "task",
        "show_toast": true,
        "announce_to_chat": false,
        "hidden": true
    },
    "criteria": {
        "0": {
            "trigger": "minecraft:impossible"
        }
    }
}