{
    "parent": "main:mansion",
    "display": {
        "title": {"text":"Mineshaft reached","color":"brown","bold":true},
        "description": {"text":"Reach the mineshaft in the Overworld","color":"white","bold":false},
        "icon": {
            "item": "minecraft:coal_ore"
        },
        "frame": "task",
        "show_toast": true,
        "announce_to_chat": false,
        "hidden": true
    },
    "criteria": {
        "0": {
            "trigger": "minecraft:impossible"
        }
    }
}