{
    "parent": "main:blackstonedelta",
    "display": {
        "title": {"text":"Nether temple reached","color":"red","bold":true},
        "description": {"text":"Reach the temple in the Nether","color":"white","bold":false},
        "icon": {
            "item": "minecraft:nether_bricks"
        },
        "frame": "task",
        "show_toast": true,
        "announce_to_chat": false,
        "hidden": true
    },
    "criteria": {
        "0": {
            "trigger": "minecraft:impossible"
        }
    }
}