{
    "parent": "main:root",
    "display": {
        "title": {"text":"Overworld tower","color":"yellow","bold":true},
        "description": {"text":"Overworld tower of Ultimate Parkour Tower","color":"white","bold":false},
        "icon": {
            "item": "minecraft:grass_block"
        },
        "frame": "task",
        "show_toast": true,
        "announce_to_chat": false,
        "hidden": false
    },
    "criteria": {
        "root": {
            "trigger": "minecraft:impossible"
        }
    }
}