{
    "display": {
        "title": {
            "text": "Ultimate Parkour Tower",
            "color": "yellow",
            "bold": true
        },
        "description": {
            "text": "The main Ultimate Parkour Tower",
            "color": "white",
            "bold": false
        },
        "icon": {
            "item": "minecraft:bedrock"},
        "frame": "task",
        "show_toast": false,
        "announce_to_chat": false,
        "hidden": false,
        "background": "minecraft:textures/gui/advancements/backgrounds/adventure.png"
    },
    "criteria": {
        "root": {
            "trigger": "minecraft:tick"
        }
    }
}