{
    "parent": "main:root",
    "display": {
        "title": {"text":"Secrets","color":"red","bold":true},
        "description": {"text":"Secret advancements of Ultimate Parkour Tower, there are 4 of them, can you find them all?","color":"white","bold":false},
        "icon": {
            "item": "minecraft:barrier"
        },
        "frame": "task",
        "show_toast": true,
        "announce_to_chat": false,
        "hidden": false
    },
    "criteria": {
        "root": {
            "trigger": "minecraft:impossible"
        }
    }
}