{
  "bonus_chest": false,
  "dimensions": {
    "minecraft:the_end": {
      "type": "minecraft:the_end",
      "generator": {
        "biome_source": {
          "seed": 2880325193822133207,
          "type": "minecraft:the_end"
        },
        "seed": 2880325193822133207,
        "settings": "minecraft:end",
        "type": "minecraft:noise"
      }
    },
    "minecraft:overworld": {
      "type": "minecraft:overworld",
      "generator": {
        "settings": {
          "lakes": false,
          "features": false,
          "biome": "minecraft:plains",
          "structure_overrides": [
            "minecraft:strongholds",
            "minecraft:villages"
          ],
          "layers": []
        },
        "type": "minecraft:flat"
      }
    },
    "minecraft:the_nether": {
      "type": "minecraft:the_nether",
      "generator": {
        "biome_source": {
          "preset": "minecraft:nether",
          "type": "minecraft:multi_noise"
        },
        "seed": 2880325193822133207,
        "settings": "minecraft:nether",
        "type": "minecraft:noise"
      }
    }
  },
  "seed": 2880325193822133207,
  "generate_features": true
}